Tarih;Fiş No;Müşteri Adı;Açıklama;Hareket Türü;Borç (TL);Alacak (TL)
9092026;E000109;KAYSERİ ÇOK YAŞAR NAKLİYAT;38RV759 KASKO ;Poliçe Tahakkuku;₺0,00;₺55.144,94
9092026;E000108;KAYSERİ ÇOK YAŞAR NAKLİYAT;38RV759 TRAFİK KART ÇEKİLMİŞ;Poliçe Tahakkuku;₺0,00;₺135.596,91
9092026;E000107;KAYSERİ ÇOK YAŞAR NAKLİYAT;38RV759 TRAFİK İŞBAN ÇEKİLDİ;Poliçe Tahakkuku;₺135.596,92;₺0,00
5092026;E000106;KAYSERİ ÇOK YAŞAR NAKLİYAT;38ACL161 KASKO ;Poliçe Tahakkuku;₺0,00;₺49.161,01
5092026;E000105;KAYSERİ ÇOK YAŞAR NAKLİYAT;38VV555 KASKO UĞUZHAN KURTBAŞ ARAÇ ANILIN ÜZERİNE;Poliçe Tahakkuku;₺0,00;₺98.671,57
5092026;E000104;KAYSERİ ÇOK YAŞAR NAKLİYAT;38LF768 KASKO;Poliçe Tahakkuku;₺0,00;₺49.161,33
5092026;E000103;KAYSERİ ÇOK YAŞAR NAKLİYAT;38PH461 KASKO;Poliçe Tahakkuku;₺0,00;₺44.548,85
5092026;E000102;KAYSERİ ÇOK YAŞAR NAKLİYAT;38BU310 KASKO;Poliçe Tahakkuku;₺0,00;₺41.646,66
5092026;E000101;KAYSERİ ÇOK YAŞAR NAKLİYAT;38AE440 KASKO;Poliçe Tahakkuku;₺0,00;₺50.295,44
5092026;E000100;KAYSERİ ÇOK YAŞAR NAKLİYAT;38LZ838 KASKO;Banka Gelen Havale;₺0,00;₺46.689,17
5092026;E000099;KAYSERİ ÇOK YAŞAR NAKLİYAT;34UZ6450 KASKO;Poliçe Tahakkuku;₺0,00;₺43.815,75
5092026;E000098;ALİ SAĞLAMEL;HESAP SIFIR;Banka Gelen Havale;₺0,00;₺4.612,72
5092026;E000097;ALİ SAĞLAMEL;KLİMA KALAN ;Banka Gelen Havale;₺0,00;₺40.000,00
5092026;E000096;ALİ SAĞLAMEL;NACİYE SAĞLAM EL TRAFİK FARK ;Poliçe Tahakkuku;₺2.250,00;₺0,00
5092026;E000095;ALİ SAĞLAMEL;DASK ;Poliçe Tahakkuku;₺1.362,00;₺0,00
5092026;E000094;ALİ SAĞLAMEL;İLHAN CEYLAN FARK;Poliçe Tahakkuku;₺2.500,00;₺0,00
5092026;E000093;ALİ SAĞLAMEL; EMİNE SAĞLAMEL TRAFİK;Poliçe Tahakkuku;₺12.970,01;₺0,00
5092026;E000092;ALİ SAĞLAMEL;EMİSA SAĞLAMEL KASKO;Poliçe Tahakkuku;₺25.530,71;₺0,00
4092026;E000091;MEHMET SÜMEN;20 DOLAR DEVRİM+10 BİN+ ÇEKİCİ;Poliçe Tahakkuku;₺10.000,00;₺0,00
4092026;E000090;ALİ CİHAN;KONUT;Poliçe Tahakkuku;₺9.000,00;₺0,00
4092026;E000089;MİLAN 1;ORTAK ALAN SİG.;Poliçe Tahakkuku;₺15.930,00;₺0,00
4092026;E000088;MURAT KARADAYI;KASKO POLİÇELERİ;Poliçe Tahakkuku;₺33.439,99;₺0,00
4092026;E000087;MUTLU KARA;İŞYERLERİ ;Poliçe Tahakkuku;₺62.000,00;₺0,00
4092026;E000086;ÖEMR AYVAZ;KASKO ÖDEMESİ;Poliçe Tahakkuku;₺20.500,00;₺0,00
4092026;E000085;KEMAL SATILMIŞ;KONUT SİGORTASI;Poliçe Tahakkuku;₺8.350,00;₺0,00
4092026;E000084;MEHMET ŞEVKİ;İŞYERİ SİGORTASI;Poliçe Tahakkuku;₺7.000,00;₺0,00
4092026;E000083;MEHMET YANIK;TRAFİK;Poliçe Tahakkuku;₺10.000,00;₺0,00
4092026;E000082;MUSTAFA TUNCAY;KASKO VE ESKİ ÖDEMEDEN KALAN ;Poliçe Tahakkuku;₺89.267,99;₺0,00
4092026;E000081;SELAMİ DOĞAN;ÇEK ALACAK;Poliçe Tahakkuku;₺91.000,00;₺0,00
4092026;E000080;ERCAN RENT ALACAK;RENT ALACAK ;Poliçe Tahakkuku;₺49.999,98;₺0,00
29082026;E000079;KAYSERİ ÇOK YAŞAR NAKLİYAT;38ANL038 KASKO İPTAL MERCEDES;Poliçe İptal / İade;₺108.782,81;₺0,00
29082026;E000078;KAYSERİ ÇOK YAŞAR NAKLİYAT;38ANL038 MERCEDES SATIŞ TRAFİK;Poliçe İptal / İade;₺17.550,15;₺0,00
29082026;E000077;KAYSERİ ÇOK YAŞAR NAKLİYAT;38ANL038 HASAN YÜKSEL ANIL YENİ ARAÇ;Poliçe Tahakkuku;₺0,00;₺102.770,07
28082026;E000076;KAYSERİ ÇOK YAŞAR NAKLİYAT;ANIL YENİ ARAÇ HASAN YÜKSEL;Poliçe Tahakkuku;₺0,00;₺1.050,00
28082026;E000075;KAYSERİ ÇOK YAŞAR NAKLİYAT;38ANL038 TRAFİK;Poliçe Tahakkuku;₺0,00;₺20.455,73
31082026;E000074;KAYSERİ ÇOK YAŞAR NAKLİYAT;NAKLİYAT SİG. 1. TAKSİT;Kredi Kartı Tahsilat;₺105.000,00;₺0,00
28082026;E000073;KAYSERİ ÇOK YAŞAR NAKLİYAT;NAKLİYAT SİGORTASI ( YÜK );Poliçe Tahakkuku;₺0,00;₺495.000,00
17082026;E000072;KAYSERİ ÇOK YAŞAR NAKLİYAT;34BT1964 TRAFİK K.K ÖDEMESİ;Kredi Kartı Tahsilat;₺16.592,82;₺0,00
17082026;E000071;KAYSERİ ÇOK YAŞAR NAKLİYAT;34BT1964 TRAFİK;Poliçe Tahakkuku;₺0,00;₺16.592,82
5082026;E000070;KAYSERİ ÇOK YAŞAR NAKLİYAT;38AJA400 TRAFİK AKBANK K.K;Kredi Kartı Tahsilat;₺18.172,00;₺0,00
5082026;E000069;KAYSERİ ÇOK YAŞAR NAKLİYAT;38AJA400 TRAFİK;Poliçe Tahakkuku;₺0,00;₺17.875,20
31072026;E000068;KAYSERİ ÇOK YAŞAR NAKLİYAT;BANKA HESABI HAVALE;Banka Gelen Havale;₺10.000,00;₺0,00
22072026;E000067;KAYSERİ ÇOK YAŞAR NAKLİYAT;16CCD791 KASKO K.K;Kredi Kartı Tahsilat;₺15.558,11;₺0,00
22072026;E000066;KAYSERİ ÇOK YAŞAR NAKLİYAT;16CCD791 KASKO;Poliçe Tahakkuku;₺0,00;₺15.558,11
21072026;E000065;KAYSERİ ÇOK YAŞAR NAKLİYAT;16KLN91 KASKO;Poliçe Tahakkuku;₺0,00;₺52.141,58
20072026;E000064;KAYSERİ ÇOK YAŞAR NAKLİYAT;16KLN 91 K.K ÖDEME;Kredi Kartı Tahsilat;₺83.442,08;₺0,00
20072026;E000063;KAYSERİ ÇOK YAŞAR NAKLİYAT;16KLN91 TRAFİK;Poliçe Tahakkuku;₺0,00;₺83.442,08
17072026;E000062;KAYSERİ ÇOK YAŞAR NAKLİYAT;BANKA HAVALE;Banka Gelen Havale;₺9.750,00;₺0,00
17072026;E000061;KAYSERİ ÇOK YAŞAR NAKLİYAT;EMRECAN BÜYÜKDAĞ KASKO;Poliçe Tahakkuku;₺0,00;₺22.115,00
17072026;E000060;KAYSERİ ÇOK YAŞAR NAKLİYAT;EMRECAN BÜUÜKDAĞ TRAFİK;Poliçe Tahakkuku;₺0,00;₺18.256,44
7072026;E000059;KAYSERİ ÇOK YAŞAR NAKLİYAT;38AFF667 TRAFİK ALBARAKA;Kredi Kartı Tahsilat;₺44.377,63;₺0,00
7072026;E000058;KAYSERİ ÇOK YAŞAR NAKLİYAT;38AFF667 TRAFİK;Poliçe Tahakkuku;₺0,00;₺44.377,63
27062026;E000057;KAYSERİ ÇOK YAŞAR NAKLİYAT;ÇEK VADE 30.09.2026;Banka Gelen Havale;₺100.000,00;₺0,00
27062026;E000056;KAYSERİ ÇOK YAŞAR NAKLİYAT;ÇEK VADE 31.03.2027;Banka Gelen Havale;₺300.000,00;₺0,00
27062026;E000055;KAYSERİ ÇOK YAŞAR NAKLİYAT;ÇEK VADE 28.02.2027;Banka Gelen Havale;₺300.000,00;₺0,00
18062026;E000054;KAYSERİ ÇOK YAŞAR NAKLİYAT;38AIN398 KASKO K.K;Kredi Kartı Tahsilat;₺32.940,53;₺0,00
18062026;E000053;KAYSERİ ÇOK YAŞAR NAKLİYAT;38AIN398 KASKO;Poliçe Tahakkuku;₺0,00;₺32.940,53
13062026;E000052;KAYSERİ ÇOK YAŞAR NAKLİYAT;34NHJ513 TRAFİK ALBARAKAR;Kredi Kartı Tahsilat;₺13.616,28;₺0,00
13062026;E000051;KAYSERİ ÇOK YAŞAR NAKLİYAT;34NHJ513 TRAFİK;Poliçe Tahakkuku;₺0,00;₺13.616,28
5062026;E000050;KAYSERİ ÇOK YAŞAR NAKLİYAT;16BFS668 TARFİK;Poliçe Tahakkuku;₺0,00;₺55.897,19
5062026;E000049;KAYSERİ ÇOK YAŞAR NAKLİYAT;38AAT972 KASKO;Poliçe Tahakkuku;₺0,00;₺26.103,79
5062026;E000048;KAYSERİ ÇOK YAŞAR NAKLİYAT;38AAT KASKO ÖDEMESİ;Kredi Kartı Tahsilat;₺26.103,79;₺0,00
5062026;E000047;KAYSERİ ÇOK YAŞAR NAKLİYAT;16BFS668 TRAFİK ÖDEMESİ;Kredi Kartı Tahsilat;₺55.897,19;₺0,00
26052026;E000046;KAYSERİ ÇOK YAŞAR NAKLİYAT;İŞB ELİSAM SİG.;Kredi Kartı Tahsilat;₺25.000,00;₺0,00
21052026;E000045;KAYSERİ ÇOK YAŞAR NAKLİYAT;07BYU603 KASKO K.K ;Kredi Kartı Tahsilat;₺36.750,50;₺0,00
21052026;E000044;KAYSERİ ÇOK YAŞAR NAKLİYAT;38AGA33 KASKO K.K İŞBANK ;Kredi Kartı Tahsilat;₺35.763,72;₺0,00
21052026;E000043;KAYSERİ ÇOK YAŞAR NAKLİYAT;07BYU603 KASKO;Poliçe Tahakkuku;₺0,00;₺36.750,50
21052026;E000042;KAYSERİ ÇOK YAŞAR NAKLİYAT;38AGA333 KASKO;Poliçe Tahakkuku;₺0,00;₺35.763,72
16052026;E000041;KAYSERİ ÇOK YAŞAR NAKLİYAT;38AGA333 TRAFİK;Poliçe Tahakkuku;₺0,00;₺10.451,37
15052026;E000040;KAYSERİ ÇOK YAŞAR NAKLİYAT;BANKA HAVALE;Banka Gelen Havale;₺10.000,00;₺0,00
14052026;E000039;KAYSERİ ÇOK YAŞAR NAKLİYAT;4941 NL YPK  KK ÖDEME;Kredi Kartı Tahsilat;₺13.500,00;₺0,00
11052026;E000038;KAYSERİ ÇOK YAŞAR NAKLİYAT;38VV555 YPK 4941 KK ;Kredi Kartı Tahsilat;₺200,00;₺0,00
11052026;E000037;KAYSERİ ÇOK YAŞAR NAKLİYAT;38VV559 YPK 4941 ;Kredi Kartı Tahsilat;₺26.596,84;₺0,00
11052026;E000036;KAYSERİ ÇOK YAŞAR NAKLİYAT;38VV555;Poliçe Tahakkuku;₺0,00;₺200,00
11052026;E000035;KAYSERİ ÇOK YAŞAR NAKLİYAT;38VV555 TRAFİK;Poliçe Tahakkuku;₺0,00;₺26.596,84
9052026;E000034;KAYSERİ ÇOK YAŞAR NAKLİYAT;41PJ045 ALBARAKA K.K;Kredi Kartı Tahsilat;₺40.047,13;₺0,00
9052026;E000033;KAYSERİ ÇOK YAŞAR NAKLİYAT;41PJ045 TARFİK;Poliçe Tahakkuku;₺0,00;₺40.047,18
6052026;E000032;KAYSERİ ÇOK YAŞAR NAKLİYAT;07BYU603 TRAFİK K.K  İŞBANK 2602;Kredi Kartı Tahsilat;₺18.576,12;₺0,00
6052026;E000031;KAYSERİ ÇOK YAŞAR NAKLİYAT;07BYU603;Poliçe Tahakkuku;₺0,00;₺18.576,12
1052026;E000030;KAYSERİ ÇOK YAŞAR NAKLİYAT;38NT923 TRAFİK;Poliçe Tahakkuku;₺0,00;₺104.954,99
1052026;E000029;KAYSERİ ÇOK YAŞAR NAKLİYAT;38ALY677 TRAFİK;Poliçe Tahakkuku;₺0,00;₺40.892,38
25042026;E000028;KAYSERİ ÇOK YAŞAR NAKLİYAT;BANKA HAVALE;Banka Gelen Havale;₺15.000,00;₺0,00
24042026;E000027;KAYSERİ ÇOK YAŞAR NAKLİYAT;38R0054 TRAFİK ÖDEMESİ;Poliçe Tahakkuku;₺0,00;₺28.132,32
24042026;E000026;KAYSERİ ÇOK YAŞAR NAKLİYAT;38R0054 KASKO ÖDEMESİ;Poliçe Tahakkuku;₺0,00;₺26.683,67
23042026;E000025;KAYSERİ ÇOK YAŞAR NAKLİYAT;38R0054 TRAFİK ÖDEMESİ;Kredi Kartı Tahsilat;₺28.132,34;₺0,00
15042026;E000024;KAYSERİ ÇOK YAŞAR NAKLİYAT;BANKA HAVALE;Banka Gelen Havale;₺15.000,00;₺0,00
3042026;E000023;KAYSERİ ÇOK YAŞAR NAKLİYAT;38ALY677 TRAFİK K.K ;Kredi Kartı Tahsilat;₺40.892,37;₺0,00
3042026;E000022;KAYSERİ ÇOK YAŞAR NAKLİYAT;İBRAHİM ATICI MOTORSİKLET TRAFİK;Poliçe Tahakkuku;₺0,00;₺7.977,99
3042026;E000021;KAYSERİ ÇOK YAŞAR NAKLİYAT;BANKA HAVALE;Banka Gelen Havale;₺30.000,00;₺0,00
19032026;E000020;KAYSERİ ÇOK YAŞAR NAKLİYAT;BANKA HAVALE ;Banka Gelen Havale;₺10.000,00;₺0,00
17032026;E000019;KAYSERİ ÇOK YAŞAR NAKLİYAT;34YM4695 TRAFİK ŞİRKET İŞBANK 2602 KK ;Kredi Kartı Tahsilat;₺48.185,98;₺0,00
17032026;E000018;KAYSERİ ÇOK YAŞAR NAKLİYAT;34YM4695 TRAFİK;Poliçe Tahakkuku;₺0,00;₺48.185,98
16032026;E000017;KAYSERİ ÇOK YAŞAR NAKLİYAT;41PJ045 KASKO;Poliçe Tahakkuku;₺0,00;₺36.856,61
16032026;E000016;KAYSERİ ÇOK YAŞAR NAKLİYAT;07BOV809 KASKO;Poliçe Tahakkuku;₺0,00;₺40.290,03
8032026;E000015;KAYSERİ ÇOK YAŞAR NAKLİYAT;07BOV809 TRAFİK;Poliçe Tahakkuku;₺0,00;₺16.944,00
13032026;E000014;KAYSERİ ÇOK YAŞAR NAKLİYAT;BANKA HAVALE;Banka Gelen Havale;₺7.500,00;₺0,00
7032026;E000012;KAYSERİ ÇOK YAŞAR NAKLİYAT;BANKA HAVALE;Banka Gelen Havale;₺5.000,00;₺0,00
5032026;E000011;KAYSERİ ÇOK YAŞAR NAKLİYAT;BANKA HAVALE;Banka Gelen Havale;₺10.000,00;₺0,00
23022026;E000010;KAYSERİ ÇOK YAŞAR NAKLİYAT;banka havale;Banka Gelen Havale;₺9.900,00;₺0,00
9022026;E000009;KAYSERİ ÇOK YAŞAR NAKLİYAT;BANKA HAVALE;Banka Gelen Havale;₺10.000,00;₺0,00
30012026;E000008;KAYSERİ ÇOK YAŞAR NAKLİYAT;ŞİRKET İŞBANK  SON 2602 TRAFİK ÇEKİM   ;Kredi Kartı Tahsilat;₺104.954,99;₺0,00
29012026;E000007;KAYSERİ ÇOK YAŞAR NAKLİYAT;ESP 2497347851202;Poliçe Tahakkuku;₺0,00;₺84.857,46
29012026;E000006;KAYSERİ ÇOK YAŞAR NAKLİYAT;ESP 2541369874125;Poliçe Tahakkuku;₺0,00;₺26.797,44
29012026;E000005;KAYSERİ ÇOK YAŞAR NAKLİYAT;ESP 2587415964123;Poliçe Tahakkuku;₺0,00;₺35.729,92
16012026;E000004;KAYSERİ ÇOK YAŞAR NAKLİYAT;BANKA HAVALE;Banka Gelen Havale;₺10.000,00;₺0,00
14012026;E000003;KAYSERİ ÇOK YAŞAR NAKLİYAT;"	 ELS 214789511231547";Poliçe Tahakkuku;₺0,00;₺31.104,01
9012026;E000002;KAYSERİ ÇOK YAŞAR NAKLİYAT;BANKA HAVALE;Banka Gelen Havale;₺10.000,00;₺0,00
9012026;E000001;KAYSERİ ÇOK YAŞAR NAKLİYAT;GELEN HAVALE / TAHSİLAT;Tarih Öncesi Devir Bakiye;₺0,00;₺180.000,19
